[{"model": "jobportal.businesstype", "pk": 4, "fields": {"name": "Bar"}}, {"model": "jobportal.businesstype", "pk": 37, "fields": {"name": "Bistro"}}, {"model": "jobportal.businesstype", "pk": 39, "fields": {"name": "Čajovna"}}, {"model": "jobportal.businesstype", "pk": 40, "fields": {"name": "Diskotéka/klub"}}, {"model": "jobportal.businesstype", "pk": 41, "fields": {"name": "Kavárna"}}, {"model": "jobportal.businesstype", "pk": 43, "fields": {"name": "Party/event catering"}}, {"model": "jobportal.businesstype", "pk": 44, "fields": {"name": "Pekárna/cukrárna"}}, {"model": "jobportal.businesstype", "pk": 45, "fields": {"name": "Pizzerie"}}, {"model": "jobportal.businesstype", "pk": 46, "fields": {"name": "Restaurace"}}, {"model": "jobportal.businesstype", "pk": 48, "fields": {"name": "Stánkový prodej"}}, {"model": "jobportal.businesstype", "pk": 49, "fields": {"name": "Stravování v práci/ve škole"}}, {"model": "jobportal.businesstype", "pk": 50, "fields": {"name": "Sushi"}}, {"model": "jobportal.businesstype", "pk": 51, "fields": {"name": "Vinárna/vinotéka"}}, {"model": "jobportal.businesstype", "pk": 52, "fields": {"name": "Ostatní"}}, {"model": "jobportal.businesstype", "pk": 53, "fields": {"name": "Hospoda"}}, {"model": "jobportal.region", "pk": 4, "fields": {"name": "Jihočeský"}}, {"model": "jobportal.region", "pk": 28, "fields": {"name": "Hlavní město Praha"}}, {"model": "jobportal.region", "pk": 35, "fields": {"name": "Jihočeský kraj"}}, {"model": "jobportal.region", "pk": 36, "fields": {"name": "Jihomoravský kraj"}}, {"model": "jobportal.region", "pk": 37, "fields": {"name": "Karlovarský kraj"}}, {"model": "jobportal.region", "pk": 38, "fields": {"name": "Královéhradecký kraj"}}, {"model": "jobportal.region", "pk": 39, "fields": {"name": "Liberecký kraj"}}, {"model": "jobportal.region", "pk": 40, "fields": {"name": "Moravskoslezský kraj"}}, {"model": "jobportal.region", "pk": 41, "fields": {"name": "Olomoucký kraj"}}, {"model": "jobportal.region", "pk": 42, "fields": {"name": "Pardubický kraj"}}, {"model": "jobportal.region", "pk": 44, "fields": {"name": "Plzeňský kraj"}}, {"model": "jobportal.region", "pk": 45, "fields": {"name": "Středočeský kraj"}}, {"model": "jobportal.region", "pk": 46, "fields": {"name": "Ústecký kraj"}}, {"model": "jobportal.region", "pk": 47, "fields": {"name": "Vysočina"}}, {"model": "jobportal.region", "pk": 48, "fields": {"name": "Zlínský kraj"}}, {"model": "jobportal.district", "pk": 118, "fields": {"name": "Benešov", "region_id": 45}}, {"model": "jobportal.district", "pk": 119, "fields": {"name": "Beroun", "region_id": 45}}, {"model": "jobportal.district", "pk": 120, "fields": {"name": "Blansko", "region_id": 36}}, {"model": "jobportal.district", "pk": 121, "fields": {"name": "Brno-město", "region_id": 36}}, {"model": "jobportal.district", "pk": 122, "fields": {"name": "Brno-venkov", "region_id": 36}}, {"model": "jobportal.district", "pk": 123, "fields": {"name": "Bruntál", "region_id": 40}}, {"model": "jobportal.district", "pk": 124, "fields": {"name": "Břeclav", "region_id": 36}}, {"model": "jobportal.district", "pk": 125, "fields": {"name": "Česká Lípa", "region_id": 39}}, {"model": "jobportal.district", "pk": 126, "fields": {"name": "České Budějovice", "region_id": 35}}, {"model": "jobportal.district", "pk": 127, "fields": {"name": "Český Krumlov", "region_id": 35}}, {"model": "jobportal.district", "pk": 128, "fields": {"name": "Děčín", "region_id": 46}}, {"model": "jobportal.district", "pk": 129, "fields": {"name": "Domažlice", "region_id": 44}}, {"model": "jobportal.district", "pk": 130, "fields": {"name": "Frýdek-Místek", "region_id": 40}}, {"model": "jobportal.district", "pk": 131, "fields": {"name": "Havlíčkův Brod", "region_id": 47}}, {"model": "jobportal.district", "pk": 132, "fields": {"name": "Hodonín", "region_id": 36}}, {"model": "jobportal.district", "pk": 133, "fields": {"name": "Hradec Králové", "region_id": 38}}, {"model": "jobportal.district", "pk": 134, "fields": {"name": "Cheb", "region_id": 37}}, {"model": "jobportal.district", "pk": 135, "fields": {"name": "Chomutov", "region_id": 46}}, {"model": "jobportal.district", "pk": 136, "fields": {"name": "Chrudim", "region_id": 42}}, {"model": "jobportal.district", "pk": 137, "fields": {"name": "Jablonec nad Nisou", "region_id": 39}}, {"model": "jobportal.district", "pk": 138, "fields": {"name": "Jeseník", "region_id": 41}}, {"model": "jobportal.district", "pk": 139, "fields": {"name": "Jičín", "region_id": 38}}, {"model": "jobportal.district", "pk": 140, "fields": {"name": "Jihlava", "region_id": 47}}, {"model": "jobportal.district", "pk": 141, "fields": {"name": "Jindřichův Hradec", "region_id": 35}}, {"model": "jobportal.district", "pk": 142, "fields": {"name": "Karlovy Vary", "region_id": 37}}, {"model": "jobportal.district", "pk": 143, "fields": {"name": "Karviná", "region_id": 40}}, {"model": "jobportal.district", "pk": 144, "fields": {"name": "Kladno", "region_id": 45}}, {"model": "jobportal.district", "pk": 145, "fields": {"name": "Klatovy", "region_id": 44}}, {"model": "jobportal.district", "pk": 146, "fields": {"name": "Kolín", "region_id": 45}}, {"model": "jobportal.district", "pk": 147, "fields": {"name": "Kroměříž", "region_id": 48}}, {"model": "jobportal.district", "pk": 148, "fields": {"name": "Kutná Hora", "region_id": 45}}, {"model": "jobportal.district", "pk": 149, "fields": {"name": "Liberec", "region_id": 39}}, {"model": "jobportal.district", "pk": 150, "fields": {"name": "Litoměřice", "region_id": 46}}, {"model": "jobportal.district", "pk": 151, "fields": {"name": "Louny", "region_id": 46}}, {"model": "jobportal.district", "pk": 152, "fields": {"name": "Mělník", "region_id": 45}}, {"model": "jobportal.district", "pk": 153, "fields": {"name": "Mladá Boleslav", "region_id": 45}}, {"model": "jobportal.district", "pk": 154, "fields": {"name": "Most", "region_id": 46}}, {"model": "jobportal.district", "pk": 155, "fields": {"name": "Náchod", "region_id": 38}}, {"model": "jobportal.district", "pk": 156, "fields": {"name": "Nový Jičín", "region_id": 40}}, {"model": "jobportal.district", "pk": 157, "fields": {"name": "Nymburk", "region_id": 45}}, {"model": "jobportal.district", "pk": 158, "fields": {"name": "Olomouc", "region_id": 41}}, {"model": "jobportal.district", "pk": 159, "fields": {"name": "Opava", "region_id": 40}}, {"model": "jobportal.district", "pk": 160, "fields": {"name": "Ostrava-město", "region_id": 40}}, {"model": "jobportal.district", "pk": 161, "fields": {"name": "Pardubice", "region_id": 42}}, {"model": "jobportal.district", "pk": 162, "fields": {"name": "Pelhřimov", "region_id": 47}}, {"model": "jobportal.district", "pk": 163, "fields": {"name": "Písek", "region_id": 35}}, {"model": "jobportal.district", "pk": 164, "fields": {"name": "Plzeň-jih", "region_id": 44}}, {"model": "jobportal.district", "pk": 165, "fields": {"name": "Plzeň-město", "region_id": 44}}, {"model": "jobportal.district", "pk": 166, "fields": {"name": "Plzeň-sever", "region_id": 44}}, {"model": "jobportal.district", "pk": 167, "fields": {"name": "Praha (hlavní město)", "region_id": 28}}, {"model": "jobportal.district", "pk": 168, "fields": {"name": "Praha-východ", "region_id": 45}}, {"model": "jobportal.district", "pk": 169, "fields": {"name": "Praha-západ", "region_id": 45}}, {"model": "jobportal.district", "pk": 170, "fields": {"name": "Prachatice", "region_id": 35}}, {"model": "jobportal.district", "pk": 171, "fields": {"name": "Prostějov", "region_id": 41}}, {"model": "jobportal.district", "pk": 172, "fields": {"name": "Přerov", "region_id": 41}}, {"model": "jobportal.district", "pk": 173, "fields": {"name": "Příbram", "region_id": 45}}, {"model": "jobportal.district", "pk": 174, "fields": {"name": "Rakovník", "region_id": 45}}, {"model": "jobportal.district", "pk": 175, "fields": {"name": "Rokycany", "region_id": 44}}, {"model": "jobportal.district", "pk": 176, "fields": {"name": "Rychnov nad Kněžnou", "region_id": 38}}, {"model": "jobportal.district", "pk": 177, "fields": {"name": "Semily", "region_id": 39}}, {"model": "jobportal.district", "pk": 178, "fields": {"name": "Sokolov", "region_id": 37}}, {"model": "jobportal.district", "pk": 179, "fields": {"name": "Strakonice", "region_id": 35}}, {"model": "jobportal.district", "pk": 180, "fields": {"name": "Svitavy", "region_id": 42}}, {"model": "jobportal.district", "pk": 181, "fields": {"name": "Šumperk", "region_id": 41}}, {"model": "jobportal.district", "pk": 182, "fields": {"name": "Tábor", "region_id": 35}}, {"model": "jobportal.district", "pk": 183, "fields": {"name": "Tachov", "region_id": 44}}, {"model": "jobportal.district", "pk": 184, "fields": {"name": "Teplice", "region_id": 46}}, {"model": "jobportal.district", "pk": 185, "fields": {"name": "Trutnov", "region_id": 38}}, {"model": "jobportal.district", "pk": 186, "fields": {"name": "Třebíč", "region_id": 47}}, {"model": "jobportal.district", "pk": 187, "fields": {"name": "Uherské Hradiště", "region_id": 48}}, {"model": "jobportal.district", "pk": 188, "fields": {"name": "Ústí nad Labem", "region_id": 46}}, {"model": "jobportal.district", "pk": 189, "fields": {"name": "Ústí nad Orlicí", "region_id": 42}}, {"model": "jobportal.district", "pk": 190, "fields": {"name": "Vsetín", "region_id": 48}}, {"model": "jobportal.district", "pk": 191, "fields": {"name": "Vyškov", "region_id": 36}}, {"model": "jobportal.district", "pk": 192, "fields": {"name": "Zlín", "region_id": 48}}, {"model": "jobportal.district", "pk": 193, "fields": {"name": "Znojmo", "region_id": 36}}, {"model": "jobportal.district", "pk": 194, "fields": {"name": "Žďár nad Sázavou", "region_id": 47}}, {"model": "jobportal.position", "pk": 61, "fields": {"name": "Barback"}}, {"model": "jobportal.position", "pk": 62, "fields": {"name": "Barista/ka"}}, {"model": "jobportal.position", "pk": 63, "fields": {"name": "Barman/ka"}}, {"model": "jobportal.position", "pk": 65, "fields": {"name": "Cukrář/ka"}}, {"model": "jobportal.position", "pk": 66, "fields": {"name": "Číšník/Číšnice"}}, {"model": "jobportal.position", "pk": 67, "fields": {"name": "Event manažer/ka"}}, {"model": "jobportal.position", "pk": 68, "fields": {"name": "Food and Beverage manažer/ka"}}, {"model": "jobportal.position", "pk": 70, "fields": {"name": "Hostes/ka"}}, {"model": "jobportal.position", "pk": 71, "fields": {"name": "Kuchař/ka"}}, {"model": "jobportal.position", "pk": 72, "fields": {"name": "Marketing manažer/ka"}}, {"model": "jobportal.position", "pk": 73, "fields": {"name": "Pekař/ka"}}, {"model": "jobportal.position", "pk": 74, "fields": {"name": "Personalista/Personalistka"}}, {"model": "jobportal.position", "pk": 75, "fields": {"name": "Pizzař/ka"}}, {"model": "jobportal.position", "pk": 78, "fields": {"name": "Pomocná síla"}}, {"model": "jobportal.position", "pk": 79, "fields": {"name": "Prodavač/ka"}}, {"model": "jobportal.position", "pk": 80, "fields": {"name": "Provozní ředitel/ka"}}, {"model": "jobportal.position", "pk": 83, "fields": {"name": "Řidič/ka"}}, {"model": "jobportal.position", "pk": 84, "fields": {"name": "Sales manažer/ka"}}, {"model": "jobportal.position", "pk": 85, "fields": {"name": "Sekretář/ka"}}, {"model": "jobportal.position", "pk": 88, "fields": {"name": "Sommelier/ka"}}, {"model": "jobportal.position", "pk": 90, "fields": {"name": "Šéfkuchař/ka"}}, {"model": "jobportal.position", "pk": 96, "fields": {"name": "Teatender"}}, {"model": "jobportal.position", "pk": 97, "fields": {"name": "Uklízeč/ka"}}, {"model": "jobportal.position", "pk": 99, "fields": {"name": "Údržbář/ka"}}, {"model": "jobportal.position", "pk": 100, "fields": {"name": "Vedoucí restaurace"}}, {"model": "jobportal.position", "pk": 101, "fields": {"name": "Výčepní"}}, {"model": "jobportal.position", "pk": 102, "fields": {"name": "Ostatní"}}, {"model": "jobportal.client", "pk": 7, "fields": {"user": 1, "business_type": 46, "address": "U školy 234", "city": "Ostrava", "district": 160, "business_name": "U Livajze", "VAT_number": "CZ88888888", "logo": "static/media/U_Livajze.png", "contact_email": "liv@liv.cz", "contact_phone": "123456789"}}, {"model": "jobportal.client", "pk": 8, "fields": {"user": 3, "business_type": 4, "address": "Štefánikova 96", "city": "Brno", "district": 121, "business_name": "Na Růžku", "VAT_number": "CZ777777", "logo": "static/media/Na_Ruzku.png", "contact_email": "naruzku@brno.cz", "contact_phone": "777777777"}}, {"model": "jobportal.client", "pk": 9, "fields": {"user": 4, "business_type": 41, "address": "Národní 26", "city": "Praha", "district": 167, "business_name": "Café Nebe", "VAT_number": "CZ111111", "logo": "static/media/Cafe_N.png", "contact_email": "cafe@nebe.cz", "contact_phone": "778888888"}}, {"model": "jobportal.client", "pk": 10, "fields": {"user": 5, "business_type": 46, "address": "Kněžská 97", "city": "České Budějovice", "district": 126, "business_name": "Trattoria da Adi", "VAT_number": "CZ555555", "logo": "static/media/TRATTORIA_DA_ADI.png", "contact_email": "trattoria@cb.cz", "contact_phone": "776666666"}}, {"model": "jobportal.client", "pk": 11, "fields": {"user": 6, "business_type": 44, "address": "Václavské náměstí 5", "city": "Praha", "district": 167, "business_name": "Cukrárna Katka", "VAT_number": "CZ444444", "logo": "static/media/CUKRARNA_KATKA.png", "contact_email": "cukrarna@katka.cz", "contact_phone": "771111111"}}, {"model": "jobportal.client", "pk": 15, "fields": {"user": 10, "business_type": 46, "address": "Opavská 768", "city": "Ostrava", "district": 160, "business_name": "Mama's Kitchen", "VAT_number": "CZ555555", "logo": "static/media/mamas.png", "contact_email": "mamas@ova.cz", "contact_phone": "555555555"}}, {"model": "jobportal.client", "pk": 16, "fields": {"user": 11, "business_type": 52, "address": "Opavská 333", "city": "Olomouc", "district": 158, "business_name": "Jídelna U Tlouštíka", "VAT_number": "CZ66666666", "logo": "static/media/UTloustika.png", "contact_email": "tloustik@olomouc.cz", "contact_phone": "888888888"}}, {"model": "jobportal.advertisement", "pk": 6, "fields": {"position": 66, "title": "Hledáme číšníka", "text_content": "Do nově otevřené restaurace hledáme číšníka s praxí...", "salary": "25 000 Kč", "client": 7, "created": "2025-06-09T17:32:36.398Z", "created_by": 1, "highlight": false, "published": true, "published_date": "2025-06-05T06:00:00Z"}}, {"model": "jobportal.advertisement", "pk": 7, "fields": {"position": 88, "title": "Hledáme sommeliéra", "text_content": "Do nasi skvele restaurace hledame odbornika na vino", "salary": "35 000", "client": 7, "created": "2025-06-12T15:55:42.982Z", "created_by": 1, "highlight": false, "published": true, "published_date": "2025-06-19T17:12:05.848Z"}}, {"model": "jobportal.advertisement", "pk": 12, "fields": {"position": 63, "title": "Hledáme šikovné barmany/barmanky", "text_content": "Do tradičního baru Na Růžku v Králově Poli hledáme šikovné a zkušené zaměstnance na pozici barman/barmanka. Požadujeme přátelské vystupování a praxi v oboru. Angličtina výhodou.", "salary": "28 000 Kč", "client": 8, "created": "2025-06-17T22:22:20.097Z", "created_by": 3, "highlight": false, "published": true, "published_date": "2025-06-04T15:37:36Z"}}, {"model": "jobportal.advertisement", "pk": 13, "fields": {"position": 62, "title": "Hledá se barista!", "text_content": "Hledáme usměvavé milovníky kávy, kteří našim hostům zpříjemní den! Pokud máš zájem o práci v gastronomii a rád pracuješ s lidmi, pošli nám svůj životopis. Rádi tě vše naučíme.", "salary": "25 000 Kč", "client": 8, "created": "2025-06-17T22:24:42.278Z", "created_by": 3, "highlight": true, "published": true, "published_date": "2025-06-18T12:00:00Z"}}, {"model": "jobportal.advertisement", "pk": 14, "fields": {"position": 65, "title": "Hledáme cukromila", "text_content": "Pro naši pražskou kavárnu nacházející se přímo na Národní třídě hledáme šikovnou posilu na pozici cukrář/cukrářka. Praxe je nutností. Jako benefit nabízíme pevnou pracovní dobu, multisport kartu a 25 dní dovolené po zkušební době.", "salary": "30 000 Kč", "client": 9, "created": "2025-06-17T22:31:46.189Z", "created_by": 4, "highlight": false, "published": true, "published_date": "2025-06-13T06:00:00Z"}}, {"model": "jobportal.advertisement", "pk": 15, "fields": {"position": 88, "title": "Sommeliér wanted!", "text_content": "Miluješ víno? Víš o něm vše jako Bubba o krevetách? Pak čekáme právě na tebe! Nastartuj svou kariéru ve slavné kavárně v centru hlavního města. Těšíme se na tvj životopis!", "salary": "35 000 Kč", "client": 9, "created": "2025-06-17T22:34:26.212Z", "created_by": 4, "highlight": true, "published": true, "published_date": "2025-06-15T00:00:00Z"}}, {"model": "jobportal.advertisement", "pk": 16, "fields": {"position": 66, "title": "Číšník/servírka", "text_content": "Do naší nově otevřené restaurace v Ostravě hledáme šikovnou posilu s praxí na pozici. Požadujeme přátelské vystupování, lásku ke gastronomii a zodpovědnost. Nabízíme možnost ubytování...", "salary": "24 000 Kč", "client": 7, "created": "2025-06-17T22:37:14.687Z", "created_by": 1, "highlight": false, "published": true, "published_date": "2025-06-16T00:00:00Z"}}, {"model": "jobportal.advertisement", "pk": 17, "fields": {"position": 75, "title": "Hledáme pizzaře", "text_content": "Do italské restaurace v centru města, ve kterém by chtěl žít každý, hledáme nadané pizzaře/pizzařky, kteří se nebojí práce. Za svou tvrdou práci budete odměněni například provizemi z tržeb nebo multisport kartou. Všem uchazečům odpovíme.", "salary": "individuálně dle zkušeností", "client": 10, "created": "2025-06-17T22:47:24.191Z", "created_by": 5, "highlight": true, "published": true, "published_date": "2025-06-14T12:00:00Z"}}, {"model": "jobportal.advertisement", "pk": 18, "fields": {"position": 78, "title": "Pomocná síla do kuchyně", "text_content": "Pro naši italskou restauraci hledáme schopné pracanty k ruce našemu italskému šéfkuchaři. Náplní práce jsou ranní přípravy, pomocné práce, krájení, myčka atd. Vše vás rádi naučíme, stačí mít jen chuť pracovat.", "salary": "18 000 Kč", "client": 10, "created": "2025-06-17T22:50:13.250Z", "created_by": 5, "highlight": false, "published": true, "published_date": "2025-06-18T06:00:00Z"}}, {"model": "jobportal.advertisement", "pk": 19, "fields": {"position": 66, "title": "Hledáme číšníka/servírku", "text_content": "Do italské restaurace v centru Českých Budějovic hledáme zkušenou a zodpovědnou posilu na pozici číšník/servírka. Práce především na odpolední směny, víkendy volné.", "salary": "35 000 Kč", "client": 10, "created": "2025-06-18T08:13:49.206Z", "created_by": 5, "highlight": false, "published": true, "published_date": "2025-06-19T12:00:00Z"}}, {"model": "jobportal.advertisement", "pk": 49, "fields": {"position": 71, "title": "Hledáme šikovného kuchaře / šikovnou kuchařku", "text_content": "Do zavedené restaurace hledáme spolehlivého kuchaře s praxí na ranní směny. Nabízíme mimo jiné přátelský kolektiv, 25 dní dovolené, výplatu celou na pásce a volné víkendy. Pokud máš chuť do práce a líbí se ti naše restaurace, pošli nám svůj životopis a my se ozveme.", "salary": "38 000 Kč", "client": 15, "created": "2025-06-19T14:52:14.928Z", "created_by": 10, "highlight": false, "published": true, "published_date": "2025-06-17T00:00:00Z"}}, {"model": "jobportal.advertisement", "pk": 50, "fields": {"position": 66, "title": "Číšník/servírka do restaurace v Ostravě", "text_content": "Do naší ostravské restaurace hledáme nové tváře na pozici číšník/servírka. Požadujeme pozitivní přístup k hostům a práci, vše důležité tě naučíme. Kromě multisport karty po zkušební době nabízíme také příspěvek na dovolenou, 25 dní dovolené a super kolektiv.", "salary": "32 000 Kč", "client": 15, "created": "2025-06-19T14:55:22.792Z", "created_by": 10, "highlight": true, "published": true, "published_date": "2025-06-18T12:00:00Z"}}, {"model": "jobportal.response", "pk": 3, "fields": {"advertisement": 6, "name": "Livia Nowak Abdul", "email": "livia.abdul@yahoo.com", "message": "Dobrý den, zaujala mě Vámi nabízená pozice, a tak v příloze zasílám CV. V případě Vašeho zájmu o spolupráci mě, prosím neváhejte kontaktovat.", "created": "2025-06-09T17:58:21.666Z", "cv": ""}}, {"model": "jobportal.response", "pk": 4, "fields": {"advertisement": 7, "name": "Livia Abdul", "email": "liv@liv.cz", "message": "Tak ja se teda hlasim do sluzby.", "created": "2025-06-12T15:56:46.842Z", "cv": ""}}, {"model": "jobportal.response", "pk": 13, "fields": {"advertisement": 17, "name": "Petr Petr", "email": "petr@petr.cz", "message": "tztztztztztztztztztztztztztztztztztztztztztz", "created": "2025-06-18T18:56:10.363Z", "cv": "cvs/CV_-_Eliška_Vařečková.pdf"}}, {"model": "jobportal.response", "pk": 14, "fields": {"advertisement": 13, "name": "Eliska Eliska", "email": "el@el.cz", "message": "kkkkkkkkkkkkkkkkkkkkkkkkkkkkkkkkkkkkkk", "created": "2025-06-18T18:57:52.488Z", "cv": "cvs/CV_-_Eliška_Vařečková_Qx2IKL1.pdf"}}, {"model": "jobportal.response", "pk": 15, "fields": {"advertisement": 15, "name": "zzzzz zz", "email": "zz@zz.cz", "message": "tttttttttttttttttttttttttttttttttttttttt", "created": "2025-06-18T19:01:50.372Z", "cv": "static/media/cvs/CV_-_Eliška_Vařečková.pdf"}}, {"model": "jobportal.contacts", "pk": 1, "fields": {"name": "Juraj Miškolczi", "role": "Obchodní zástupce", "email": "juraj@gastroboard.cz", "phone": "+420733733733"}}, {"model": "jobportal.contacts", "pk": 2, "fields": {"name": "Nicole Taudy", "role": "IT Support", "email": "nicole@gastroboard.cz", "phone": "+420722722722"}}, {"model": "jobportal.contacts", "pk": 3, "fields": {"name": "Livia Nowak Abdul", "role": "Zákaznická podpora", "email": "livia@gastroboard.cz", "phone": "+420744744744"}}]